{
  "x": 827.2166748046875,
  "y": 56,
  "width": 69.48333740234375,
  "height": 80
}